bugzilla_id,github_id
1,224
3,225
4,226
5,227
7,228
8,229
9,230
10,231
12,232
13,233
14,234
15,235
18,236
19,237
21,238
22,239
24,240
25,241
26,242
34,243
36,244
37,245
38,246
39,247
40,248
41,249
42,250
43,251
45,252
46,253
47,254
48,255
49,256
50,257
51,258
52,259
54,260
55,261
56,262
57,263
58,264
59,265
60,266
61,267
62,268
63,269
64,270
65,271
66,272
67,273
69,274
70,275
71,276
72,277
73,278
75,279
77,280
78,281
79,282
82,283
83,284
84,285
85,286
86,287
89,288
90,289
91,290
92,291
93,292
96,293
97,294
98,295
99,296
100,297
101,298
102,299
103,300
104,301
105,302
106,303
107,304
112,305
113,306
114,307
115,308
116,309
117,310
118,311
119,312
120,313
121,314
122,315
123,316
125,317
126,318
127,319
128,320
129,321
130,322
131,323
132,324
133,325
134,326
135,327
136,328
138,329
139,330
140,331
141,332
142,333
143,334
144,335
145,336
146,337
147,338
148,339
149,340
150,341
151,342
152,343
153,344
154,345
155,346
156,347
157,348
158,349
159,350
161,351
162,352
163,353
164,354
165,355
166,356
167,357
168,358
169,359
173,360
175,361
176,362
177,363
178,364
179,365
180,366
181,367
182,368
183,369
184,370
185,371
187,372
189,373
191,374
192,375
193,376
195,377
196,378
198,379
199,380
200,381
201,382
202,383
203,384
204,385
205,386
206,387
208,388
209,389
210,390
212,391
213,392
214,393
215,394
216,395
217,396
218,397
219,398
220,399
221,400
223,401
224,402
225,403
226,404
227,405
228,406
229,407
230,408
231,409
232,410
233,411
235,412
238,413
239,414
240,415
241,416
242,417
243,418
244,419
245,420
246,421
247,422
248,423
249,424
250,425
251,426
252,427
253,428
254,429
255,430
256,431
257,432
258,433
259,434
260,435
261,436
262,437
263,438
264,439
265,440
266,441
268,442
269,443
271,444
272,445
273,446
274,447
275,448
276,449
277,450
278,451
279,452
280,453
281,454
282,455
283,456
284,457
285,458
286,459
287,460
288,461
289,462
290,463
291,464
292,465
293,466
294,467
295,468
296,469
297,470
298,471
300,472
301,473
302,474
303,475
304,476
305,477
306,478
308,479
309,480
311,481
312,482
313,483
314,484
315,485
317,486
318,487
319,488
320,489
321,490
322,491
323,492
324,493
325,494
326,495
327,496
328,497
330,498
331,499
332,500
333,501
334,502
335,503
336,504
337,505
338,506
339,507
340,508
341,509
342,510
343,511
344,512
345,513
346,514
348,515
350,516
351,517
352,518
353,519
354,520
355,521
356,522
357,523
358,524
359,525
361,526
363,527
364,528
365,529
366,530
369,531
370,532
371,533
372,534
373,535
374,536
375,537
376,538
377,539
378,540
379,541
380,542
381,543
382,544
383,545
384,546
385,547
386,548
387,549
389,550
390,551
391,552
392,553
393,554
394,555
395,556
396,557
397,558
399,559
400,560
401,561
402,562
403,563
406,564
407,565
408,566
409,567
410,568
411,569
412,570
413,571
414,572
415,573
416,574
417,575
418,576
419,577
420,578
421,579
422,580
423,581
424,582
425,583
426,584
428,585
429,586
431,587
432,588
433,589
434,590
435,591
436,592
439,593
440,594
441,595
442,596
443,597
444,598
445,599
446,600
447,601
448,602
451,603
454,604
455,605
459,606
462,607
463,608
464,609
465,610
468,611
470,612
471,613
472,614
473,615
474,616
475,617
476,618
477,619
478,620
479,621
480,622
481,623
483,624
484,625
486,626
490,627
491,628
493,629
494,630
495,631
498,632
499,633
500,634
501,635
502,636
503,637
504,638
505,639
506,640
507,641
508,642
509,643
510,644
511,645
512,646
513,647
514,648
515,649
516,650
517,651
518,652
519,653
520,654
522,655
523,656
524,657
525,658
526,659
527,660
528,661
529,662
530,663
531,664
535,665
536,666
538,667
539,668
541,669
542,670
543,671
544,672
546,673
548,674
549,675
552,676
553,677
555,678
556,679
557,680
558,681
559,682
562,683
563,684
564,685
565,686
566,687
568,688
569,689
570,690
571,691
572,692
573,693
574,694
575,695
576,696
577,697
578,698
579,699
580,700
581,701
582,702
583,703
584,704
585,705
586,706
589,707
590,708
592,709
594,710
596,711
598,712
599,713
600,714
601,715
602,716
604,717
605,718
606,719
607,720
608,721
609,722
610,723
611,724
612,725
613,726
614,727
615,728
616,729
618,730
619,731
620,732
621,733
622,734
624,735
625,736
626,737
627,738
630,739
631,740
633,741
634,742
635,743
636,744
637,745
638,746
639,747
640,748
641,749
642,750
643,751
644,752
645,753
646,754
647,755
650,756
652,757
653,758
654,759
655,760
656,761
658,762
660,763
661,764
662,765
663,766
665,767
666,768
668,769
669,770
671,771
672,772
673,773
674,774
675,775
676,776
677,777
678,778
681,779
684,780
685,781
687,782
688,783
689,784
691,785
692,786
695,787
696,788
697,789
698,790
699,791
700,792
701,793
702,794
703,795
710,796
711,797
712,798
713,799
714,800
715,801
724,802
726,803
727,804
728,805
729,806
730,807
731,808
737,809
739,810
740,811
741,812
743,813
746,814
749,815
750,816
751,817
752,818
753,819
754,820
756,821
757,822
759,823
761,824
764,825
766,826
767,827
768,828
769,829
770,830
771,831
772,832
773,833
774,834
775,835
776,836
777,837
778,838
779,839
780,840
781,841
782,842
784,843
789,844
790,845
791,846
792,847
793,848
794,849
795,850
796,851
797,852
798,853
799,854
800,855
801,856
802,857
804,858
806,859
807,860
808,861
809,862
810,863
811,864
812,865
813,866
814,867
815,868
816,869
817,870
818,871
819,872
820,873
821,874
822,875
823,876
824,877
826,878
827,879
828,880
829,881
830,882
831,883
832,884
833,885
834,886
836,887
837,888
838,889
839,890
840,891
841,892
842,893
843,894
844,895
845,896
846,897
847,898
848,899
849,900
850,901
851,902
852,903
853,904
855,905
856,906
857,907
858,908
860,909
861,910
862,911
863,912
864,913
865,914
866,915
868,916
870,917
871,918
872,919
873,920
875,921
876,922
877,923
879,924
880,925
881,926
882,927
883,928
885,929
886,930
887,931
888,932
889,933
890,934
891,935
892,936
895,937
897,938
899,939
900,940
901,941
902,942
904,943
907,944
908,945
909,946
910,947
913,948
914,949
916,950
917,951
918,952
919,953
921,954
925,955
929,956
930,957
932,958
933,959
934,960
937,961
939,962
940,963
941,964
942,965
943,966
944,967
947,968
948,969
949,970
950,971
951,972
952,973
953,974
955,975
956,976
957,977
958,978
959,979
960,980
961,981
962,982
963,983
964,984
965,985
966,986
967,987
968,988
969,989
970,990
972,991
974,992
976,993
977,994
979,995
980,996
981,997
982,998
984,999
985,1000
986,1001
987,1002
988,1003
989,1004
990,1005
991,1006
994,1007
995,1008
996,1009
997,1010
999,1011
1001,1012
1002,1013
1003,1014
1004,1015
1005,1016
1006,1017
1007,1018
1008,1019
1009,1020
1010,1021
1011,1022
1012,1023
1013,1024
1014,1025
1015,1026
1017,1027
1018,1028
1019,1029
1020,1030
1022,1031
1023,1032
1024,1033
1025,1034
1026,1035
1027,1036
1029,1037
1030,1038
1031,1039
1034,1040
1038,1041
1039,1042
1040,1043
1041,1044
1043,1045
1044,1046
1045,1047
1046,1048
1047,1049
1048,1050
1049,1051
1050,1052
1052,1053
1054,1054
1057,1055
1059,1056
1060,1057
1061,1058
1062,1059
1063,1060
1065,1061
1067,1062
1068,1063
1069,1064
1070,1065
1071,1066
1072,1067
1073,1068
1075,1069
1076,1070
1077,1071
1078,1072
1079,1073
1081,1074
1083,1075
1084,1076
1085,1077
1088,1078
1089,1079
1090,1080
1091,1081
1092,1082
1093,1083
1094,1084
1095,1085
1096,1086
1097,1087
1099,1088
1100,1089
1101,1090
1102,1091
1103,1092
1104,1093
1105,1094
1106,1095
1107,1096
1108,1097
1109,1098
1111,1099
1112,1100
1113,1101
1114,1102
1115,1103
1116,1104
1118,1105
1119,1106
1120,1107
1121,1108
1122,1109
1123,1110
1124,1111
1125,1112
1126,1113
1127,1114
1129,1115
1131,1116
1132,1117
1133,1118
1136,1119
1138,1120
1139,1121
1140,1122
1142,1123
1143,1124
1145,1125
1146,1126
1147,1127
1148,1128
1149,1129
1150,1130
1153,1131
1154,1132
1155,1133
1156,1134
1157,1135
1158,1136
1159,1137
1160,1138
1161,1139
1165,1140
1166,1141
1171,1142
1174,1143
1175,1144
1176,1145
1178,1146
1179,1147
1180,1148
1181,1149
1182,1150
1184,1151
1185,1152
1186,1153
1187,1154
1188,1155
1190,1156
1192,1157
1193,1158
1194,1159
1195,1160
1198,1161
1199,1162
1200,1163
1201,1164
1207,1165
1209,1166
1210,1167
1211,1168
1212,1169
1213,1170
1214,1171
1215,1172
1216,1173
1218,1174
1219,1175
1220,1176
1221,1177
1222,1178
1226,1179
1227,1180
1228,1181
1229,1182
1230,1183
1231,1184
1232,1185
1234,1186
1235,1187
1236,1188
1237,1189
1238,1190
1239,1191
1240,1192
1241,1193
1242,1194
1243,1195
1244,1196
1247,1197
1248,1198
1249,1199
1250,1200
1251,1201
1254,1202
1255,1203
1257,1204
1258,1205
1261,1206
1262,1207
1263,1208
1264,1209
1266,1210
1267,1211
1268,1212
1271,1213
1272,1214
1273,1215
1274,1216
1275,1217
1279,1218
1280,1219
1281,1220
1282,1221
1283,1222
1284,1223
1287,1224
1288,1225
1289,1226
1291,1227
1293,1228
1294,1229
1295,1230
1297,1231
1300,1232
1301,1233
1302,1234
1304,1235
1305,1236
1307,1237
1310,1238
1311,1239
1312,1240
1315,1241
1316,1242
1317,1243
1318,1244
1321,1245
1322,1246
1323,1247
1325,1248
1326,1249
1327,1250
1328,1251
1329,1252
1330,1253
1331,1254
1332,1255
1333,1256
1334,1257
1335,1258
1336,1259
1338,1260
1339,1261
1354,1262
1356,1263
1363,1264
1364,1265
1370,1266
1371,1267
1377,1268
1378,1269
1382,1270
1384,1271
1385,1272
1387,1273
1388,1274
1390,1275
1394,1276
1395,1277
1396,1278
1398,1279
1400,1280
1402,1281
1404,1282
1408,1283
1409,1284
1412,1285
1415,1286
1416,1287
1417,1288
1419,1289
1420,1290
1422,1291
1423,1292
1427,1293
1428,1294
1429,1295
1431,1296
1432,1297
1434,1298
1435,1299
1437,1300
1439,1301
1442,1302
1444,1303
1445,1304
1447,1305
1448,1306
1450,1307
1451,1308
1453,1309
1457,1310
1461,1311
1466,1312
1467,1313
1468,1314
1470,1315
1471,1316
1473,1317
1475,1318
1476,1319
1477,1320
1483,1321
1486,1322
1497,1323
1498,1324
1499,1325
1500,1326
1501,1327
1503,1328
1505,1329
1507,1330
1509,1331
1510,1332
1519,1333
1520,1334
1521,1335
1524,1336
1525,1337
1530,1338
1531,1339
1533,1340
1535,1341
1536,1342
1541,1343
1543,1344
1548,1345
1550,1346
1552,1347
1554,1348
1556,1349
1557,1350
1558,1351
1561,1352
1565,1353
1566,1354
1567,1355
1568,1356
1569,1357
1570,1358
1575,1359
1576,1360
1577,1361
1580,1362
1582,1363
1586,1364
1587,1365
1590,1366
1591,1367
1592,1368
1601,1369
1604,1370
1605,1371
1606,1372
1608,1373
1609,1374
1613,1375
1618,1376
1624,1377
1630,1378
1632,1379
1640,1380
1651,1381
1653,1382
1654,1383
1656,1384
1657,1385
1658,1386
1659,1387
1660,1388
1662,1389
1664,1390
1668,1391
1669,1392
1673,1393
1676,1394
1677,1395
1678,1396
1682,1397
1688,1398
1689,1399
1693,1400
1694,1401
1695,1402
1696,1403
1697,1404
1710,1405
1711,1406
1713,1407
1715,1408
1716,1409
1717,1410
1718,1411
1719,1412
1720,1413
1721,1414
1729,1415
1732,1416
1733,1417
1737,1418
1739,1419
1741,1420
1744,1421
1745,1422
1748,1423
1754,1424
1757,1425
1759,1426
1761,1427
1764,1428
1766,1429
1767,1430
1772,1431
1781,1432
1795,1433
1796,1434
1797,1435
1799,1436
1801,1437
1807,1438
1809,1439
1819,1440
1825,1441
1829,1442
1833,1443
1834,1444
1837,1445
1840,1446
1843,1447
1844,1448
1845,1449
1846,1450
1852,1451
1854,1452
1861,1453
1878,1454
1879,1455
1880,1456
1881,1457
1884,1458
1885,1459
1886,1460
1889,1461
1891,1462
1899,1463
1900,1464
1901,1465
1905,1466
1906,1467
1913,1468
1914,1469
1923,1470
1924,1471
1926,1472
1928,1473
1930,1474
1932,1475
1933,1476
1934,1477
1937,1478
1939,1479
1942,1480
1949,1481
1952,1482
1959,1483
1961,1484
1964,1485
1972,1486
1979,1487
1981,1488
1986,1489
1991,1490
1995,1491
1996,1492
1998,1493
2005,1494
2018,1495
2019,1496
2023,1497
2025,1498
2033,1499
2037,1500
2038,1501
2042,1502
2048,1503
2049,1504
2056,1505
2057,1506
2058,1507
2067,1508
2068,1509
2069,1510
2090,1511
2091,1512
2094,1513
2103,1514
2104,1515
2111,1516
2116,1517
2120,1518
2121,1519
2123,1520
2130,1521
2131,1522
2133,1523
2141,1524
2142,1525
2144,1526
2148,1527
2159,1528
2160,1529
2165,1530
2170,1531
2173,1532
2175,1533
2176,1534
2179,1535
2181,1536
2197,1537
2206,1538
2207,1539
2209,1540
2214,1541
2216,1542
2222,1543
2226,1544
2227,1545
2229,1546
2231,1547
2234,1548
2240,1549
2241,1550
2252,1551
2253,1552
2259,1553
2266,1554
2275,1555
2276,1556
2281,1557
2282,1558
2283,1559
2287,1560
2291,1561
2293,1562
2294,1563
2295,1564
2298,1565
2299,1566
2302,1567
2304,1568
2310,1569
2315,1570
2316,1571
2317,1572
2320,1573
2323,1574
2326,1575
2327,1576
2333,1577
2334,1578
2344,1579
2345,1580
2346,1581
2347,1582
2349,1583
2350,1584
2351,1585
2354,1586
2357,1587
2358,1588
2363,1589
2366,1590
2367,1591
2369,1592
2370,1593
2371,1594
2377,1595
2378,1596
2380,1597
2381,1598
2383,1599
2384,1600
2385,1601
2394,1602
2396,1603
2400,1604
2418,1605
2430,1606
2431,1607
2432,1608
2438,1609
2448,1610
2450,1611
2453,1612
2458,1613
2459,1614
2461,1615
2465,1616
2467,1617
2469,1618
2477,1619
2478,1620
2485,1621
2491,1622
2492,1623
2499,1624
2501,1625
2503,1626
2504,1627
2505,1628
2506,1629
2507,1630
2511,1631
2513,1632
2514,1633
2517,1634
2518,1635
2519,1636
2520,1637
2526,1638
2530,1639
2535,1640
2539,1641
2541,1642
2545,1643
2546,1644
2550,1645
2562,1646
2570,1647
2571,1648
2575,1649
2576,1650
2577,1651
2578,1652
2579,1653
2580,1654
2586,1655
2587,1656
2590,1657
2591,1658
2593,1659
2601,1660
2606,1661
2610,1662
2628,1663
2629,1664
2630,1665
2639,1666
2644,1667
2645,1668
2648,1669
2655,1670
2656,1671
2667,1672
2676,1673
2682,1674
2685,1675
2687,1676
2688,1677
2691,1678
2694,1679
2696,1680
2702,1681
2710,1682
2711,1683
2714,1684
2720,1685
2725,1686
2728,1687
2730,1688
2733,1689
2736,1690
2737,1691
2764,1692
2765,1693
2773,1694
2776,1695
2785,1696
2794,1697
2798,1698
2801,1699
2808,1700
2809,1701
2813,1702
2815,1703
2816,1704
2817,1705
2818,1706
2822,1707
2823,1708
2824,1709
2827,1710
2828,1711
2833,1712
2836,1713
2837,1714
2840,1715
2846,1716
2859,1717
2860,1718
2865,1719
2867,1720
2869,1721
2872,1722
2875,1723
2876,1724
2878,1725
2880,1726
2883,1727
2884,1728
2885,1729
2886,1730
2887,1731
2888,1732
2890,1733
2893,1734
2894,1735
2914,1736
2923,1737
2924,1738
2933,1739
2934,1740
2953,1741
2958,1742
2962,1743
2963,1744
2965,1745
2966,1746
2985,1747
2986,1748
2991,1749
2992,1750
2993,1751
3000,1752
3003,1753
3024,1754
3035,1755
3043,1756
3058,1757
3070,1758
3071,1759
3078,1760
3079,1761
3084,1762
3085,1763
3099,1764
3108,1765
3132,1766
3139,1767
3140,1768
3160,1769
3168,1770
3179,1771
3180,1772
3181,1773
3188,1774
3196,1775
3217,1776
3219,1777
3221,1778
3223,1779
3229,1780
3233,1781
3234,1782
3242,1783
3249,1784
3272,1785
3273,1786
3280,1787
3282,1788
3285,1789
3288,1790
3293,1791
3324,1792
3325,1793
3364,1794
3378,1795
3394,1796
3399,1797
3400,1798
3422,1799
3424,1800
3429,1801
3466,1802
3481,1803
3485,1804
3486,1805
3491,1806
3494,1807
3495,1808
3504,1809
3512,1810
3527,1811
3528,1812
3529,1813
3532,1814
3536,1815
3550,1816
3558,1817
3566,1818
3585,1819
3602,1820
3604,1821
3644,1822
3646,1823
3648,1824
3657,1825
3658,1826
3661,1827
3663,1828
3665,1829
3666,1830
3668,1831
3671,1832
3672,1833
3680,1834
3690,1835
3704,1836
3723,1837
3737,1838
3738,1839
3746,1840
3750,1841
3754,1842
3763,1843
3841,1844
3866,1845
3868,1846
3896,1847
3979,1848
3980,1849
3982,1850
3984,1851
3990,1852
3991,1853
3996,1854
4019,1855
4024,1856
4037,1857
4038,1858
4040,1859
4041,1860
4043,1861
4047,1862
4051,1863
4056,1864
4057,1865
4073,1866
4075,1867
4092,1868
4110,1869
4128,1870
4146,1871
4150,1872
4154,1873
4184,1874
4195,1875
4197,1876
4204,1877
4219,1878
4246,1879
4254,1880
4266,1881
4275,1882
4289,1883
4295,1884
4297,1885
4299,1886
4314,1887
4316,1888
4329,1889
4343,1890
4361,1891
4364,1892
4366,1893
4381,1894
4389,1895
4398,1896
4401,1897
4405,1898
4431,1899
4450,1900
4459,1901
4474,1902
4483,1903
4485,1904
4486,1905
4508,1906
4510,1907
4511,1908
4525,1909
4550,1910
4554,1911
4558,1912
4561,1913
4564,1914
4582,1915
4586,1916
4646,1917
4648,1918
4687,1919
4688,1920
4691,1921
4699,1922
4705,1923
4708,1924
4710,1925
4718,1926
4724,1927
4727,1928
4731,1929
4732,1930
4757,1931
4806,1932
4808,1933
4820,1934
4836,1935
4838,1936
4842,1937
4865,1938
4866,1939
4907,1940
4941,1941
4955,1942
4960,1943
4966,1944
4978,1945
4982,1946
5017,1947
5042,1948
5045,1949
5049,1950
5053,1951
5090,1952
5095,1953
5135,1954
5165,1955
5170,1956
5171,1957
5173,1958
5202,1959
5213,1960
5290,1961
5314,1962
5315,1963
5328,1964
5344,1965
5360,1966
5379,1967
5383,1968
5386,1969
5405,1970
5406,1971
5461,1972
5529,1973
5536,1974
5537,1975
5543,1976
5593,1977
5606,1978
5628,1979
5632,1980
5645,1981
5671,1982
5674,1983
5682,1984
5701,1985
5703,1986
5727,1987
5730,1988
5829,1989
5834,1990
5893,1991
5900,1992
5910,1993
6003,1994
6005,1995
6045,1996
6167,1997
6168,1998
6196,1999
6212,2000
6294,2001
6327,2002
6420,2003
6421,2004
6424,2005
6425,2006
6436,2007
6438,2008
6442,2009
6443,2010
6447,2011
6448,2012
6451,2013
6452,2014
6463,2015
6482,2016
6488,2017
6492,2018
6494,2019
6496,2020
6510,2021
6520,2022
6523,2023
6525,2024
6530,2025
6541,2026
6560,2027
6570,2028
6590,2029
6593,2030
6594,2031
6596,2032
6598,2033
6600,2034
6601,2035
6605,2036
6610,2037
6611,2038
6612,2039
6613,2040
6614,2041
6617,2042
6624,2043
6626,2044
6633,2045
6640,2046
6641,2047
6645,2048
6646,2049
6647,2050
6648,2051
6652,2052
6653,2053
6656,2054
6658,2055
6667,2056
6668,2057
6669,2058
6672,2059
6674,2060
6675,2061
6676,2062
6679,2063
6684,2064
6687,2065
6692,2066
6700,2067
6701,2068
6702,2069
6706,2070
6708,2071
6710,2072
6720,2073
6738,2074
6739,2075
6742,2076
6743,2077
6749,2078
6750,2079
6756,2080
6757,2081
6758,2082
6762,2083
6763,2084
6768,2085
6769,2086
6772,2087
6776,2088
6777,2089
6778,2090
6779,2091
6780,2092
6781,2093
6782,2094
6789,2095
6790,2096
6792,2097
6793,2098
6797,2099
6799,2100
6800,2101
6802,2102
6804,2103
6805,2104
6809,2105
6812,2106
6814,2107
6818,2108
6830,2109
6832,2110
6833,2111
6838,2112
6839,2113
6843,2114
6844,2115
6846,2116
6847,2117
6848,2118
6850,2119
6855,2120
6857,2121
6862,2122
6875,2123
6876,2124
6878,2125
6882,2126
6892,2127
6894,2128
6895,2129
6896,2130
6897,2131
6899,2132
6901,2133
6902,2134
6903,2135
6904,2136
6910,2137
6912,2138
6915,2139
6920,2140
6929,2141
6931,2142
6940,2143
6947,2144
6948,2145
6955,2146
6958,2147
6961,2148
6964,2149
6965,2150
6967,2151
6972,2152
6975,2153
6982,2154
6983,2155
6986,2156
6987,2157
6989,2158
6992,2159
7000,2160
7005,2161
7007,2162
7008,2163
7012,2164
7022,2165
7023,2166
7025,2167
7027,2168
7030,2169
7031,2170
7036,2171
7037,2172
7038,2173
7039,2174
7040,2175
7043,2176
7045,2177
7047,2178
7050,2179
7055,2180
7060,2181
7061,2182
7062,2183
7063,2184
7064,2185
7068,2186
7072,2187
7076,2188
7078,2189
7079,2190
7082,2191
7083,2192
7084,2193
7086,2194
7088,2195
7089,2196
7091,2197
7095,2198
7099,2199
7100,2200
7101,2201
7102,2202
7108,2203
7112,2204
7113,2205
7116,2206
7120,2207
7123,2208
7132,2209
7137,2210
7138,2211
7139,2212
7140,2213
7147,2214
7151,2215
7153,2216
7154,2217
7157,2218
7158,2219
7159,2220
7163,2221
7166,2222
7169,2223
7170,2224
7171,2225
7177,2226
7178,2227
7188,2228
7190,2229
7192,2230
7195,2231
7196,2232
7200,2233
7202,2234
7205,2235
7208,2236
7210,2237
7211,2238
7212,2239
7216,2240
7220,2241
7223,2242
7224,2243
7225,2244
7229,2245
7230,2246
7234,2247
7245,2248
7254,2249
7255,2250
7257,2251
7260,2252
7261,2253
7262,2254
7263,2255
7264,2256
7265,2257
7266,2258
7269,2259
7270,2260
7271,2261
7272,2262
7276,2263
7277,2264
7278,2265
7280,2266
7286,2267
7287,2268
7290,2269
7292,2270
7293,2271
7296,2272
7301,2273
7304,2274
7307,2275
7308,2276
7314,2277
7315,2278
7320,2279
7324,2280
7326,2281
7331,2282
7345,2283
7348,2284
7349,2285
7350,2286
7351,2287
7352,2288
7353,2289
7358,2290
7359,2291
7360,2292
7363,2293
7369,2294
7376,2295
7377,2296
7378,2297
7379,2298
7380,2299
7389,2300
7393,2301
7395,2302
7397,2303
7400,2304
7402,2305
7403,2306
7405,2307
7409,2308
7410,2309
7411,2310
7412,2311
7417,2312
7421,2313
7427,2314
7428,2315
7437,2316
7452,2317
7468,2318
7471,2319
7476,2320
7477,2321
7479,2322
7483,2323
7489,2324
7491,2325
7495,2326
7535,2327
7537,2328
7538,2329
7551,2330
7554,2331
7559,2332
7561,2333
7564,2334
7634,2335
7642,2336
7645,2337
7668,2338
7669,2339
7675,2340
7677,2341
7678,2342
7684,2343
7686,2344
7688,2345
7689,2346
7690,2347
7693,2348
7695,2349
7698,2350
7702,2351
7706,2352
7707,2353
7715,2354
7716,2355
7717,2356
7718,2357
7721,2358
7722,2359
7724,2360
7725,2361
7728,2362
7729,2363
7732,2364
7733,2365
7735,2366
7737,2367
7739,2368
7742,2369
7744,2370
7747,2371
7748,2372
7749,2373
7759,2374
7765,2375
7767,2376
7771,2377
7775,2378
7777,2379
7778,2380
7779,2381
7780,2382
7781,2383
7783,2384
7784,2385
7787,2386
7789,2387
7790,2388
7791,2389
7792,2390
7797,2391
7799,2392
7801,2393
7802,2394
7803,2395
7805,2396
7807,2397
7808,2398
7810,2399
7811,2400
7812,2401
7817,2402
7818,2403
7819,2404
7820,2405
7821,2406
7824,2407
7826,2408
7829,2409
7830,2410
7831,2411
7834,2412
7836,2413
7837,2414
7839,2415
7840,2416
7841,2417
7842,2418
7846,2419
7852,2420
7853,2421
7856,2422
7859,2423
7860,2424
7871,2425
7873,2426
7878,2427
7879,2428
7880,2429
7881,2430
7882,2431
7883,2432
7884,2433
7886,2434
7888,2435
7889,2436
7890,2437
7891,2438
7893,2439
7894,2440
7895,2441
7896,2442
7897,2443
7898,2444
7899,2445
7900,2446
7901,2447
7902,2448
7903,2449
7904,2450
7907,2451
7908,2452
7911,2453
7912,2454
7913,2455
7914,2456
7917,2457
7922,2458
7923,2459
7924,2460
7926,2461
7927,2462
7930,2463
7931,2464
7932,2465
7936,2466
7937,2467
7938,2468
7940,2469
7941,2470
7942,2471
7951,2472
7952,2473
7953,2474
7956,2475
7961,2476
7964,2477
7966,2478
7969,2479
7971,2480
7972,2481
7973,2482
7975,2483
7976,2484
7978,2485
7979,2486
7980,2487
7986,2488
7987,2489
7988,2490
7989,2491
7990,2492
7991,2493
7992,2494
7993,2495
7994,2496
7996,2497
7997,2498
7998,2499
8001,2500
8002,2501
8003,2502
8005,2503
8006,2504
8010,2505
8014,2506
8016,2507
8017,2508
8018,2509
8021,2510
8030,2511
8031,2512
8032,2513
8033,2514
8035,2515
8037,2516
8041,2517
8043,2518
8044,2519
8049,2520
8050,2521
8052,2522
8053,2523
8055,2524
8057,2525
8058,2526
8060,2527
8065,2528
8066,2529
8069,2530
8071,2531
8072,2532
8073,2533
8074,2534
8076,2535
8078,2536
8079,2537
8081,2538
8083,2539
8085,2540
8087,2541
8091,2542
8092,2543
8094,2544
8096,2545
8099,2546
8100,2547
8103,2548
8106,2549
8108,2550
8110,2551
8112,2552
8113,2553
8114,2554
8115,2555
8117,2556
8118,2557
8122,2558
8125,2559
8126,2560
8127,2561
8130,2562
8135,2563
8137,2564
8139,2565
8141,2566
8144,2567
8147,2568
8152,2569
8153,2570
8157,2571
8161,2572
8166,2573
8168,2574
8173,2575
8180,2576
8183,2577
8186,2578
8191,2579
8192,2580
8193,2581
8196,2582
8200,2583
8201,2584
8203,2585
8204,2586
8208,2587
8210,2588
8211,2589
8214,2590
8218,2591
8220,2592
8221,2593
8224,2594
8225,2595
8226,2596
8228,2597
8229,2598
8236,2599
8237,2600
8239,2601
8247,2602
8248,2603
8249,2604
8251,2605
8252,2606
8258,2607
8261,2608
8265,2609
8266,2610
8269,2611
8270,2612
8271,2613
8272,2614
8273,2615
8274,2616
8275,2617
8278,2618
8279,2619
8280,2620
8282,2621
8284,2622
8287,2623
8288,2624
8289,2625
8290,2626
8299,2627
8300,2628
8309,2629
8310,2630
8312,2631
8314,2632
8320,2633
8322,2634
8324,2635
8325,2636
8332,2637
8337,2638
8343,2639
8344,2640
8347,2641
8348,2642
8353,2643
8363,2644
8367,2645
8385,2646
8401,2647
8405,2648
8415,2649
8416,2650
8420,2651
8421,2652
8422,2653
8428,2654
8430,2655
8448,2656
8450,2657
8452,2658
8453,2659
8457,2660
8462,2661
8466,2662
8468,2663
8472,2664
8473,2665
8476,2666
8477,2667
8478,2668
8483,2669
8486,2670
8494,2671
8496,2672
8500,2673
8502,2674
8503,2675
8506,2676
8508,2677
8515,2678
8520,2679
8524,2680
8528,2681
8529,2682
8530,2683
8533,2684
8535,2685
8536,2686
8537,2687
8539,2688
8541,2689
8545,2690
8547,2691
8554,2692
8557,2693
8560,2694
8564,2695
8569,2696
8575,2697
8576,2698
8583,2699
8585,2700
8587,2701
8605,2702
8608,2703
8616,2704
8631,2705
8633,2706
8635,2707
8638,2708
8646,2709
8647,2710
8649,2711
8650,2712
8652,2713
8658,2714
8659,2715
8660,2716
8661,2717
8669,2718
8676,2719
8678,2720
8679,2721
8680,2722
8681,2723
8683,2724
8686,2725
8687,2726
8689,2727
8690,2728
8695,2729
8696,2730
8699,2731
8700,2732
8705,2733
8706,2734
8713,2735
8714,2736
8715,2737
8716,2738
8718,2739
8720,2740
8723,2741
8725,2742
8727,2743
8730,2744
8731,2745
8732,2746
8733,2747
8738,2748
8744,2749
8745,2750
8750,2751
8752,2752
8759,2753
8760,2754
8761,2755
8767,2756
8768,2757
8770,2758
8773,2759
8777,2760
8778,2761
8779,2762
8780,2763
8781,2764
8782,2765
8784,2766
8786,2767
8809,2768
8814,2769
8815,2770
8818,2771
8822,2772
8823,2773
8824,2774
8827,2775
8828,2776
8829,2777
8833,2778
8837,2779
8838,2780
8839,2781
8842,2782
8846,2783
8848,2784
8851,2785
8852,2786
8856,2787
8857,2788
8861,2789
8864,2790
8868,2791
8871,2792
8873,2793
8874,2794
8875,2795
8876,2796
8877,2797
8880,2798
8883,2799
8887,2800
8889,2801
8893,2802
8897,2803
8903,2804
8904,2805
8905,2806
8908,2807
8914,2808
8915,2809
8926,2810
8927,2811
8931,2812
8933,2813
8934,2814
8935,2815
8937,2816
8942,2817
8944,2818
8950,2819
8951,2820
8958,2821
8961,2822
8967,2823
8969,2824
8970,2825
8971,2826
8977,2827
8981,2828
8982,2829
8988,2830
8992,2831
8994,2832
8998,2833
9005,2834
9006,2835
9009,2836
9013,2837
9014,2838
9019,2839
9023,2840
9024,2841
9026,2842
9027,2843
9028,2844
9033,2845
9039,2846
9044,2847
9046,2848
9049,2849
9050,2850
9051,2851
9054,2852
9055,2853
9058,2854
9061,2855
9062,2856
9063,2857
9066,2858
9069,2859
9070,2860
9073,2861
9074,2862
9079,2863
9080,2864
9081,2865
9085,2866
9086,2867
9096,2868
9097,2869
9098,2870
9106,2871
9107,2872
9108,2873
9109,2874
9114,2875
9115,2876
9118,2877
9120,2878
9123,2879
9124,2880
9125,2881
9126,2882
9128,2883
9130,2884
9131,2885
9135,2886
9136,2887
9137,2888
9147,2889
9148,2890
9149,2891
9155,2892
9168,2893
9169,2894
9171,2895
9175,2896
9183,2897
9184,2898
9189,2899
9190,2900
9191,2901
9192,2902
9196,2903
9197,2904
9202,2905
9204,2906
9205,2907
9207,2908
9208,2909
9209,2910
9211,2911
9216,2912
9217,2913
9220,2914
9221,2915
9222,2916
9226,2917
9230,2918
9231,2919
9236,2920
9237,2921
9239,2922
9244,2923
9248,2924
9250,2925
9252,2926
9254,2927
9258,2928
9261,2929
9262,2930
9263,2931
9264,2932
9266,2933
9267,2934
9268,2935
9269,2936
9271,2937
9274,2938
9275,2939
9277,2940
9278,2941
9279,2942
9280,2943
9286,2944
9287,2945
9288,2946
9290,2947
9291,2948
9292,2949
9293,2950
9295,2951
9299,2952
9301,2953
9302,2954
9304,2955
9305,2956
9306,2957
9307,2958
9308,2959
9313,2960
9314,2961
9316,2962
9318,2963
9319,2964
9320,2965
9326,2966
9327,2967
9330,2968
9333,2969
9336,2970
9337,2971
9338,2972
9339,2973
9341,2974
9342,2975
9343,2976
9344,2977
9345,2978
9346,2979
9347,2980
9349,2981
9350,2982
9352,2983
9353,2984
9355,2985
9356,2986
9360,2987
9361,2988
9362,2989
9363,2990
9364,2991
9365,2992
9366,2993
9374,2994
9375,2995
9379,2996
9380,2997
9382,2998
9384,2999
9393,3000
9394,3001
9396,3002
9399,3003
9400,3004
9403,3005
9404,3006
9405,3007
9406,3008
9408,3009
9409,3010
9410,3011
9419,3012
9422,3013
9425,3014
9426,3015
9427,3016
9428,3017
9429,3018
9430,3019
9431,3020
9433,3021
9434,3022
9436,3023
9438,3024
9441,3025
9442,3026
9443,3027
9444,3028
9452,3029
9459,3030
9464,3031
9466,3032
9467,3033
9470,3034
9471,3035
9473,3036
9474,3037
9479,3038
9487,3039
9499,3040
9502,3041
9509,3042
9517,3043
9519,3044
9520,3045
9522,3046
9523,3047
9524,3048
9525,3049
9526,3050
9530,3051
9534,3052
9541,3053
9542,3054
9545,3055
9555,3056
9556,3057
9557,3058
9565,3059
9567,3060
9568,3061
9570,3062
9572,3063
9574,3064
9575,3065
9577,3066
9578,3067
9580,3068
9585,3069
9586,3070
9587,3071
9588,3072
9590,3073
9591,3074
9594,3075
9602,3076
9613,3077
9614,3078
9616,3079
9621,3080
9622,3081
9623,3082
9625,3083
9626,3084
9627,3085
9629,3086
9630,3087
9631,3088
9632,3089
9634,3090
9643,3091
9644,3092
9645,3093
9648,3094
9649,3095
9652,3096
9656,3097
9657,3098
9660,3099
9662,3100
9666,3101
9667,3102
9669,3103
9675,3104
9685,3105
9686,3106
9687,3107
9688,3108
9689,3109
9691,3110
9694,3111
9698,3112
9699,3113
9700,3114
9702,3115
9707,3116
9709,3117
9715,3118
9717,3119
9718,3120
9749,3121
9751,3122
9752,3123
9753,3124
9754,3125
9755,3126
9756,3127
9758,3128
9759,3129
9760,3130
9765,3131
9766,3132
9768,3133
9770,3134
9775,3135
9785,3136
9796,3137
9797,3138
9798,3139
9801,3140
9804,3141
9806,3142
9807,3143
9811,3144
9812,3145
9813,3146
9819,3147
9820,3148
9831,3149
9839,3150
9841,3151
9845,3152
9846,3153
9847,3154
9849,3155
9859,3156
9868,3157
9872,3158
9873,3159
9883,3160
9896,3161
9901,3162
9902,3163
9906,3164
9907,3165
9908,3166
9910,3167
9913,3168
9914,3169
9915,3170
9917,3171
9918,3172
9921,3173
9922,3174
9927,3175
9928,3176
9945,3177
9948,3178
9952,3179
9953,3180
9956,3181
9959,3182
9960,3183
9964,3184
9965,3185
9999,3186
10134,3187
10339,3188
10345,3189
10351,3190
10352,3191
10354,3192
10355,3193
10364,3194
10366,3195
10367,3196
10370,3197
10371,3198
10377,3199
10379,3200
10382,3201
10390,3202
10396,3203
10402,3204
10403,3205
10404,3206
10406,3207
10409,3208
10414,3209
10415,3210
10420,3211
10435,3212
10436,3213
10437,3214
10451,3215
10453,3216
10454,3217
10455,3218
10456,3219
10459,3220
10468,3221
10470,3222
10472,3223
10473,3224
10475,3225
10476,3226
10480,3227
10481,3228
10482,3229
10490,3230
10495,3231
10496,3232
10497,3233
10498,3234
10499,3235
10500,3236
10501,3237
10504,3238
10506,3239
10508,3240
10515,3241
10519,3242
10523,3243
10525,3244
10534,3245
10536,3246
10537,3247
10540,3248
10544,3249
10548,3250
10549,3251
10551,3252
10554,3253
10558,3254
10561,3255
10571,3256
10574,3257
10575,3258
10583,3259
10589,3260
10600,3261
10625,3262
10628,3263
10635,3264
10644,3265
10656,3266
10658,3267
10666,3268
10676,3269
10694,3270
10701,3271
10713,3272
10719,3273
10727,3274
10730,3275
10732,3276
10746,3277
10753,3278
10763,3279
10764,3280
10776,3281
10781,3282
10807,3283
10832,3284
10839,3285
10850,3286
10853,3287
10859,3288
10873,3289
10892,3290
10898,3291
10899,3292
10901,3293
10902,3294
10903,3295
10905,3296
10923,3297
10924,3298
10931,3299
10945,3300
10956,3301
10975,3302
10978,3303
10986,3304
10987,3305
10994,3306
10995,3307
11007,3308
11030,3309
11033,3310
11036,3311
11045,3312
11051,3313
11053,3314
11054,3315
11068,3316
11082,3317
11107,3318
11117,3319
11124,3320
11125,3321
11131,3322
11145,3323
11161,3324
11169,3325
11170,3326
11191,3327
11192,3328
11206,3329
11231,3330
11243,3331
11253,3332
11257,3333
11277,3334
11281,3335
11284,3336
11291,3337
11294,3338
11317,3339
11318,3340
11325,3341
11329,3342
11334,3343
11339,3344
11340,3345
11341,3346
11355,3347
11368,3348
11380,3349
11396,3350
11401,3351
11421,3352
11435,3353
11438,3354
11455,3355
11463,3356
11465,3357
11466,3358
11469,3359
11470,3360
11472,3361
11473,3362
11477,3363
11478,3364
11482,3365
11484,3366
11491,3367
11493,3368
11494,3369
11495,3370
11496,3371
11497,3372
11499,3373
11509,3374
11512,3375
11515,3376
11517,3377
11537,3378
11541,3379
11565,3380
11579,3381
11585,3382
11586,3383
11596,3384
11609,3385
11623,3386
11627,3387
11634,3388
11702,3389
11738,3390
11747,3391
11765,3392
11804,3393
11813,3394
11836,3395
11840,3396
11867,3397
11897,3398
11903,3399
11946,3400
11950,3401
11974,3402
11982,3403
11988,3404
12019,3405
12020,3406
12112,3407
12202,3408
12218,3409
12239,3410
12318,3411
12324,3412
12375,3413
12385,3414
12510,3415
12519,3416
12520,3417
12525,3418
12529,3419
12540,3420
12544,3421
12551,3422
12567,3423
12572,3424
12574,3425
12579,3426
12583,3427
12612,3428
12623,3429
12628,3430
12633,3431
12640,3432
12645,3433
12658,3434
12697,3435
12754,3436
12756,3437
12770,3438
12816,3439
12887,3440
12905,3441
12931,3442
12937,3443
12939,3444
13071,3445
13077,3446
13079,3447
13098,3448
13115,3449
13116,3450
13119,3451
13132,3452
13138,3453
13139,3454
13150,3455
13159,3456
13167,3457
13168,3458
13188,3459
13190,3460
13191,3461
13195,3462
13196,3463
13198,3464
13199,3465
13200,3466
13204,3467
13205,3468
13206,3469
13209,3470
13210,3471
13222,3472
13230,3473
13231,3474
13232,3475
13233,3476
13234,3477
13239,3478
13243,3479
13244,3480
13259,3481
13261,3482
13264,3483
13265,3484
13272,3485
13282,3486
13283,3487
13284,3488
13285,3489
13287,3490
13296,3491
13299,3492
13303,3493
13305,3494
13309,3495
13313,3496
13314,3497
13316,3498
13318,3499
13332,3500
13340,3501
13343,3502
13350,3503
13360,3504
13361,3505
13364,3506
13369,3507
13373,3508
13388,3509
13411,3510
13415,3511
13418,3512
13419,3513
13424,3514
13425,3515
13433,3516
13440,3517
13445,3518
13446,3519
13463,3520
13469,3521
13474,3522
13475,3523
13476,3524
13485,3525
13487,3526
13494,3527
13503,3528
13505,3529
13509,3530
13512,3531
13517,3532
13519,3533
13532,3534
13533,3535
13540,3536
13541,3537
13543,3538
13547,3539
13553,3540
13554,3541
13556,3542
13559,3543
13560,3544
13562,3545
13565,3546
13567,3547
13570,3548
13573,3549
13574,3550
13575,3551
13579,3552
13583,3553
13589,3554
13591,3555
13592,3556
13595,3557
13612,3558
13613,3559
13615,3560
13617,3561
13618,3562
13619,3563
13620,3564
13624,3565
13625,3566
13628,3567
13629,3568
13630,3569
13631,3570
13632,3571
13634,3572
13635,3573
13636,3574
13637,3575
13640,3576
13645,3577
13646,3578
13647,3579
13648,3580
13654,3581
13658,3582
13659,3583
13660,3584
13665,3585
13666,3586
13667,3587
13668,3588
13669,3589
13670,3590
13671,3591
13673,3592
13674,3593
13675,3594
13677,3595
13678,3596
13679,3597
13683,3598
13684,3599
13686,3600
13689,3601
13691,3602
13696,3603
13699,3604
13702,3605
13703,3606
13705,3607
13709,3608
13711,3609
13714,3610
13716,3611
13722,3612
13724,3613
13726,3614
13727,3615
13729,3616
13733,3617
13734,3618
13735,3619
13736,3620
13739,3621
13742,3622
13743,3623
13744,3624
13752,3625
13753,3626
13756,3627
13758,3628
13762,3629
13765,3630
13780,3631
13786,3632
13788,3633
13789,3634
13790,3636
13798,3637
13808,3638
13811,3639
13815,3640
13818,3641
13820,3642
13831,3643
13834,3644
13837,3645
13838,3646
13841,3647
13842,3648
13848,3649
13855,3650
13860,3651
13861,3652
13866,3653
13868,3654
13869,3655
13870,3656
13871,3657
13872,3658
13873,3659
13875,3660
13876,3661
13877,3662
13878,3663
13880,3664
13881,3665
13882,3666
13883,3667
13885,3668
13890,3669
13891,3670
13894,3671
13895,3672
13898,3673
13899,3674
13912,3675
13913,3676
13914,3677
13916,3678
13936,3679
13937,3680
13939,3681
13942,3682
13943,3683
13946,3684
13949,3685
13954,3686
13955,3687
13956,3688
13957,3689
13958,3690
13963,3691
13967,3692
13971,3693
13975,3694
13982,3695
13984,3696
13985,3697
13989,3698
13991,3699
13999,3700
14000,3701
14004,3702
14005,3703
14007,3704
14008,3705
14009,3706
14012,3707
14013,3708
14016,3709
14019,3710
14020,3711
14030,3712
14031,3713
14032,3714
14034,3715
14035,3716
14042,3717
14043,3718
14045,3719
14050,3720
14053,3721
14054,3722
14055,3723
14058,3724
14059,3725
14063,3726
14064,3727
14065,3728
14066,3729
14067,3730
14068,3731
14069,3732
14071,3733
14072,3734
14073,3735
14078,3736
14079,3737
14084,3738
14087,3739
14091,3740
14092,3741
14095,3742
14096,3743
14099,3744
14100,3745
14103,3746
14105,3747
14107,3748
14109,3749
14111,3750
14113,3751
14114,3752
14119,3753
14121,3754
14123,3755
14124,3756
14125,3757
14127,3758
14128,3759
14129,3760
14130,3761
14134,3762
14135,3763
14136,3764
14137,3765
14139,3766
14145,3767
14146,3768
14151,3769
14154,3770
14155,3771
14156,3772
14157,3773
14158,3774
14162,3775
14163,3776
14166,3777
14167,3778
14168,3779
14169,3780
14170,3781
14175,3782
14179,3783
14180,3784
14181,3785
14182,3786
14185,3787
14187,3788
14188,3789
14189,3790
14191,3791
14194,3792
14195,3793
14197,3794
14198,3795
14199,3796
14200,3797
14201,3798
14202,3799
14203,3800
14204,3801
14207,3802
14208,3803
14210,3804
14212,3805
14213,3806
14214,3807
14215,3808
14216,3809
14217,3810
14219,3811
14220,3812
14222,3813
14223,3814
14224,3815
14225,3816
14226,3817
14227,3818
14228,3819
14229,3820
14230,3821
14231,3822
14232,3823
14233,3824
14234,3825
14235,3826
14236,3827
14237,3828
14238,3829
14239,3830
14240,3831
14241,3832
14242,3833
14243,3834
14244,3835
14245,3836
14246,3837
14247,3838
14248,3839
14249,3840
14250,3841
14251,3842
14252,3843
14253,3844
14254,3845
14255,3846
14256,3847
14257,3848
14258,3849
14259,3850
14260,3851
14261,3852
14262,3853
14263,3854
14264,3855
14265,3856
14266,3857
14267,3858
14268,3859
14269,3860
14270,3861
14271,3862
14272,3863
14273,3864
14274,3865
14275,3866
14276,3867
14277,3868
14278,3869
14279,3870
14280,3871
14281,3872
14282,3873
14283,3874
14284,3875
14285,3876
14286,3877
14287,3878
14288,3879
14289,3880
14290,3881
14291,3882
14292,3883
14293,3884
14294,3885
14295,3886
14296,3887
14297,3888
14298,3889
14299,3890
14300,3891
14301,3892
14302,3893
14303,3894
14304,3895
14305,3896
14306,3897
14307,3898
14308,3899
14309,3900
14310,3901
14311,3902
14312,3903
14313,3904
14314,3905
14315,3906
14316,3907
14317,3908
14318,3909
14319,3910
14320,3911
14321,3912
14322,3913
14323,3914
14324,3915
14325,3916
14326,3917
14327,3918
14328,3919
14329,3920
14330,3921
14331,3922
14332,3923
14333,3924
14334,3925
14335,3926
14336,3927
14337,3928
14338,3929
14339,3930
14340,3931
14341,3932
14342,3933
14343,3934
14344,3935
14345,3936
14346,3937
14347,3938
14348,3939
14349,3940
14350,3941
14351,3942
14352,3943
14353,3944
14354,3945
14355,3946
14356,3947
14357,3948
14358,3949
14359,3950
14360,3951
14361,3952
14362,3953
14363,3954
14365,3955
14366,3956
14367,3957
14368,3958
14369,3959
14370,3960
14371,3961
14372,3962
14373,3963
14374,3964
14375,3965
14376,3966
14377,3967
14378,3968
14379,3969
14380,3970
14381,3971
14382,3972
14383,3973
14384,3974
14385,3975
14386,3976
14387,3977
14388,3978
14389,3979
14390,3980
14391,3981
14392,3982
14393,3983
14394,3984
14395,3985
14396,3986
14397,3987
14398,3988
14399,3989
14400,3990
14401,3991
14402,3992
14403,3993
14404,3994
14405,3995
14406,3996
14407,3997
14408,3998
14409,3999
14410,4000
14411,4001
14412,4002
14413,4003
14414,4004
14415,4005
14416,4006
14417,4007
14418,4008
14419,4009
14420,4010
14421,4011
14422,4012
14423,4013
14424,4014
14425,4015
14426,4016
14427,4017
14428,4018
14429,4019
14430,4020
14431,4021
14432,4022
14433,4023
14434,4024
14435,4025
14436,4026
14437,4027
14438,4028
14439,4029
14440,4030
14441,4031
14442,4032
14443,4033
14444,4034
14445,4035
14446,4036
14447,4037
14448,4038
14449,4039
14450,4040
14451,4041
14452,4042
14453,4043
14454,4044
14455,4045
14456,4046
14457,4047
14458,4048
14459,4049
14460,4050
14461,4051
14462,4052
14463,4053
14464,4054
14465,4055
14466,4056
14467,4057
14468,4058
14469,4059
14470,4060
14471,4061
14472,4062
14473,4063
14474,4064
14475,4065
14476,4066
14477,4067
14478,4068
14479,4069
14480,4070
14481,4071
14482,4072
14483,4073
14484,4074
14485,4075
14486,4076
14487,4077
14488,4078
14489,4079
14490,4080
14491,4081
14492,4082
14493,4083
14494,4084
14495,4085
14496,4086
14497,4087
14498,4088
14499,4089
14500,4090
14501,4091
14502,4092
14503,4093
14504,4094
14505,4095
14506,4096
14507,4097
14508,4098
14509,4099
14510,4100
14511,4101
14512,4102
14513,4103
14514,4104
14515,4105
14516,4106
14517,4107
14518,4108
14519,4109
14520,4110
14521,4111
14522,4112
14523,4113
14524,4114
14525,4115
14526,4116
14527,4117
14528,4118
14529,4119
14530,4120
14531,4121
14532,4122
14533,4123
14534,4124
14535,4125
14536,4126
14537,4127
14538,4128
14539,4129
14540,4130
14541,4131
14542,4132
14543,4133
14544,4134
14545,4135
14546,4136
14547,4137
14548,4138
14549,4139
14550,4140
14551,4141
14552,4142
14553,4143
14555,4144
14556,4145
14557,4146
14558,4147
14559,4148
14560,4149
14561,4150
14562,4151
14563,4152
14564,4153
14565,4154
14566,4155
14567,4156
14568,4157
14569,4158
14570,4159
14571,4160
14572,4161
14573,4162
14574,4163
14575,4164
14576,4165
14577,4166
14578,4167
14579,4168
14580,4169
14581,4170
14582,4171
14583,4172
14584,4173
14585,4174
14586,4175
14587,4176
14588,4177
14589,4178
14590,4179
14591,4180
14592,4181
14593,4182
14594,4183
14595,4184
14596,4185
14597,4186
14598,4187
14599,4188
14600,4189
14601,4190
14602,4191
14603,4192
14604,4193
14605,4194
14606,4195
14607,4196
14608,4197
14609,4198
14610,4199
14611,4200
14612,4201
14613,4202
14614,4203
14615,4204
14616,4205
14617,4206
14618,4207
14619,4208
14620,4209
14621,4210
14622,4211
14623,4212
14624,4213
14625,4214
14626,4215
14627,4216
14628,4217
14629,4218
14630,4219
14631,4220
14632,4221
14633,4222
14634,4223
14635,4224
14636,4225
14637,4226
14638,4227
14639,4228
14640,4229
14641,4230
14642,4231
14643,4232
14644,4233
14645,4234
14646,4235
14647,4236
14648,4237
14649,4238
14650,4239
14651,4240
14652,4241
14653,4242
14654,4243
14655,4244
14656,4245
14657,4246
14658,4247
14659,4248
14660,4249
14661,4250
14662,4251
14663,4252
14664,4253
14665,4254
14666,4255
14667,4256
14668,4257
14669,4258
14670,4259
14671,4260
14672,4261
14673,4262
14674,4263
14675,4264
14676,4265
14677,4266
14678,4267
14679,4268
14680,4269
14681,4270
14682,4271
14683,4272
14684,4273
14685,4274
14686,4275
14687,4276
14688,4277
14689,4278
14690,4279
14691,4280
14692,4281
14693,4282
14694,4283
14695,4284
14696,4285
14697,4286
14698,4287
14699,4288
14700,4289
14701,4290
14702,4291
14703,4292
14704,4293
14705,4294
14706,4295
14707,4296
14708,4297
14709,4298
14710,4299
14711,4300
14712,4301
14713,4302
14714,4303
14715,4304
14716,4305
14717,4306
14718,4307
14719,4308
14720,4309
14721,4310
14722,4311
14723,4312
14724,4313
14725,4314
14726,4315
14727,4316
14728,4317
14729,4318
14730,4319
14731,4320
14732,4321
14733,4322
14734,4323
14735,4324
14736,4325
14737,4326
14738,4327
14739,4328
14740,4329
14741,4330
14742,4331
14743,4332
14744,4333
14745,4334
14746,4335
14747,4336
14748,4337
14749,4338
14750,4339
14751,4340
14752,4341
14753,4342
14754,4343
14755,4344
14756,4345
14757,4346
14758,4347
14759,4348
14760,4349
14761,4350
14762,4351
14763,4352
14764,4353
14765,4354
14766,4355
14767,4356
14768,4357
14769,4358
14770,4359
14771,4360
14772,4361
14773,4362
14774,4363
14775,4364
14776,4365
14777,4366
14778,4367
14779,4368
14780,4369
14781,4370
14782,4371
14783,4372
14784,4373
14785,4374
14786,4375
14787,4376
14788,4377
14789,4378
14790,4379
14791,4380
14792,4381
14793,4382
14794,4383
14795,4384
14796,4385
14797,4386
14798,4387
14799,4388
14800,4389
14801,4390
14802,4391
14803,4392
14804,4393
14805,4394
14806,4395
14807,4396
14808,4397
14809,4398
14810,4399
14811,4400
14812,4401
14813,4402
14814,4403
14815,4404
14816,4405
14817,4406
14818,4407
14819,4408
14820,4409
14821,4410
14822,4411
14823,4412
14824,4413
14825,4414
14826,4415
14827,4416
14828,4417
14829,4418
14830,4419
14831,4420
14832,4421
14833,4422
14834,4423
14835,4424
14836,4425
14837,4426
14838,4427
14839,4428
14840,4429
14841,4430
14842,4431
14843,4432
14844,4433
14845,4434
14846,4435
14847,4436
14848,4437
14849,4438
14850,4439
14851,4440
14852,4441
14853,4442
14854,4443
14855,4444
14856,4445
14857,4446
14858,4447
14859,4448
14860,4449
14861,4450
14862,4451
14863,4452
14864,4453
14865,4454
14866,4455
14867,4456
14868,4457
14869,4458
14870,4459
14871,4460
14872,4461
14873,4462
14874,4463
14875,4464
14876,4465
14877,4466
14878,4467
14879,4468
14880,4469
14881,4470
14882,4471
14883,4472
14884,4473
14885,4474
14886,4475
14887,4476
14888,4477
14889,4478
14890,4479
14891,4480
14892,4481
14893,4482
14894,4483
14895,4484
14896,4485
14897,4486
14898,4487
14899,4488
14900,4489
14901,4490
14902,4491
14903,4492
14904,4493
14905,4494
14906,4495
14907,4496
14908,4497
14909,4498
14910,4499
14911,4500
14912,4501
14913,4502
14914,4503
14915,4504
14916,4505
14917,4506
14918,4507
14919,4508
14920,4509
14921,4510
14922,4511
14923,4512
14924,4513
14925,4514
14926,4515
14927,4516
14928,4517
14929,4518
14930,4519
14931,4520
14932,4521
14933,4522
14934,4523
14935,4524
14936,4525
14937,4526
14938,4527
14939,4528
14940,4529
14941,4530
14942,4531
14943,4532
14944,4533
14945,4534
14946,4535
14947,4536
14948,4537
14949,4538
14950,4539
14951,4540
14952,4541
14953,4542
14954,4543
14955,4544
14956,4545
14957,4546
14958,4547
14959,4548
14960,4549
14961,4550
14962,4551
14963,4552
14964,4553
14965,4554
14966,4555
14967,4556
14968,4557
14969,4558
14970,4559
14971,4560
14972,4561
14973,4562
14974,4563
14975,4564
14976,4565
14977,4566
14978,4567
14979,4568
14981,4569
14982,4570
14983,4571
14984,4572
14985,4573
14986,4574
14987,4575
14988,4576
14989,4577
14990,4578
14991,4579
14992,4580
14993,4581
14994,4582
14995,4583
14996,4584
14997,4585
14998,4586
14999,4587
15000,4588
15001,4589
15002,4590
15003,4591
15004,4592
15005,4593
15006,4594
15007,4595
15008,4596
15009,4597
15010,4598
15011,4599
15012,4600
15013,4601
15014,4602
15015,4603
15016,4604
15017,4605
15018,4606
15019,4607
15020,4608
15021,4609
15022,4610
15023,4611
15024,4612
15025,4613
15026,4614
15027,4615
15028,4616
15029,4617
15030,4618
15031,4619
15032,4620
15033,4621
15034,4622
15035,4623
15036,4624
15037,4625
15038,4626
15039,4627
15040,4628
15041,4629
15042,4630
15043,4631
15044,4632
15045,4633
15046,4634
15047,4635
15048,4636
15049,4637
15050,4638
15051,4639
15052,4640
15053,4641
15054,4642
15055,4643
15056,4644
15057,4645
15058,4646
15059,4647
15060,4648
15061,4649
15062,4650
15063,4651
15064,4652
15065,4653
15066,4654
15067,4655
15068,4656
15069,4657
15070,4658
15071,4659
15072,4660
15073,4661
15074,4662
15075,4663
15076,4664
15077,4665
15078,4666
15079,4667
15080,4668
15081,4669
15082,4670
15083,4671
15084,4672
15085,4673
15086,4674
15087,4675
15088,4676
15089,4677
15090,4678
15091,4679
15092,4680
15093,4681
15094,4682
15095,4683
15096,4684
15097,4685
15098,4686
15099,4687
15100,4688
15101,4689
15102,4690
15103,4691
15104,4692
15105,4693
15106,4694
15107,4695
15108,4696
15109,4697
15110,4698
15111,4699
15112,4700
15113,4701
15114,4702
15115,4703
15116,4704
15117,4705
15118,4706
15119,4707
15120,4708
15121,4709
15122,4710
15123,4711
15124,4712
15125,4713
15126,4714
15127,4715
15128,4716
15129,4717
15130,4718
15131,4719
15132,4720
15133,4721
15134,4722
15135,4723
15136,4724
15137,4725
15138,4726
15139,4727
15140,4728
15141,4729
15142,4730
15143,4731
15144,4732
15145,4733
15146,4734
15147,4735
15148,4736
15149,4737
15150,4738
15151,4739
15152,4740
15153,4741
15154,4742
15155,4743
15156,4744
15157,4745
15158,4746
15159,4747
15160,4748
15161,4749
15162,4750
15163,4751
15164,4752
15165,4753
15166,4754
15167,4755
15168,4756
15169,4757
15170,4758
15171,4759
15172,4760
15173,4761
15174,4762
15175,4763
15176,4764
15177,4765
15178,4766
15179,4767
15180,4768
15181,4769
15182,4770
15183,4771
15184,4772
15185,4773
15186,4774
15187,4775
15188,4776
15189,4777
15190,4778
15191,4779
15192,4780
15193,4781
15194,4782
15195,4783
15196,4784
15197,4785
15198,4786
15199,4787
15200,4788
15201,4789
15202,4790
15203,4791
15204,4792
15205,4793
15206,4794
15207,4795
15208,4796
15209,4797
15210,4798
15211,4799
15212,4800
15213,4801
15214,4802
15215,4803
15216,4804
15217,4805
15218,4806
15219,4807
15220,4808
15221,4809
15222,4810
15223,4811
15224,4812
15225,4813
15226,4814
15227,4815
15228,4816
15229,4817
15230,4818
15231,4819
15232,4820
15233,4821
15234,4822
15235,4823
15236,4824
15237,4825
15238,4826
15239,4827
15240,4828
15241,4829
15242,4830
15243,4831
15244,4832
15245,4833
15246,4834
15247,4835
15248,4836
15249,4837
15250,4838
15251,4839
15252,4840
15253,4841
15254,4842
15255,4843
15256,4844
15257,4845
15258,4846
15259,4847
15260,4848
15261,4849
15262,4850
15263,4851
15264,4852
15265,4853
15266,4854
15267,4855
15268,4856
15269,4857
15270,4858
15271,4859
15272,4860
15273,4861
15274,4862
15275,4863
15276,4864
15277,4865
15278,4866
15279,4867
15280,4868
15281,4869
15282,4870
15283,4871
15284,4872
15285,4873
15286,4874
15287,4875
15288,4876
15289,4877
15290,4878
15291,4879
15292,4880
15293,4881
15294,4882
15295,4883
15296,4884
15297,4885
15298,4886
15299,4887
15300,4888
15301,4889
15302,4890
15303,4891
15304,4892
15305,4893
15306,4894
15307,4895
15308,4896
15309,4897
15310,4898
15311,4899
15312,4900
15313,4901
15314,4902
15315,4903
15316,4904
15317,4905
15318,4906
15319,4907
15320,4908
15321,4909
15322,4910
15323,4911
15324,4912
15325,4913
15326,4914
15327,4915
15328,4916
15329,4917
15330,4918
15331,4919
15332,4920
15333,4921
15334,4922
15335,4923
15336,4924
15337,4925
15338,4926
15339,4927
15340,4928
15341,4929
15342,4930
15343,4931
15344,4932
15345,4933
15346,4934
15347,4935
15348,4936
15349,4937
15350,4938
15351,4939
15352,4940
15353,4941
15354,4942
15355,4943
15356,4944
15357,4945
15358,4946
15359,4947
15360,4948
15361,4949
15362,4950
15363,4951
15364,4952
15365,4953
15366,4954
15367,4955
15368,4956
15369,4957
15370,4958
15371,4959
15372,4960
15373,4961
15374,4962
15375,4963
15376,4964
15377,4965
15378,4966
15379,4967
15380,4968
15381,4969
15382,4970
15383,4971
15384,4972
15385,4973
15386,4974
15387,4975
15388,4976
15389,4977
15390,4978
15391,4979
15392,4980
15393,4981
15394,4982
15395,4983
15396,4984
15397,4985
15398,4986
15399,4987
15400,4988
15401,4989
15402,4990
15403,4991
15404,4992
15405,4993
15406,4994
15407,4995
15408,4996
15409,4997
15411,4998
15412,4999
15413,5000
15414,5001
15415,5002
15416,5003
15417,5004
15418,5005
15419,5006
15420,5007
15421,5008
15422,5009
15423,5010
15424,5011
15425,5012
15426,5013
15427,5014
15428,5015
15429,5016
15430,5017
15431,5018
15432,5019
15433,5020
15434,5021
15435,5022
15436,5023
15437,5024
15438,5025
15439,5026
15440,5027
15441,5028
15442,5029
15443,5030
15444,5031
15445,5032
15446,5033
15447,5034
15448,5035
15449,5036
15450,5037
15451,5038
15452,5039
15453,5040
15454,5041
15455,5042
15456,5043
15457,5044
15458,5045
15459,5046
15460,5047
15461,5048
15462,5049
15463,5050
15464,5051
15465,5052
15466,5053
15467,5054
15468,5055
15469,5056
15470,5057
15471,5058
15472,5059
15473,5060
15474,5061
15475,5062
15476,5063
15477,5064
15478,5065
15479,5066
15480,5067
15481,5068
15482,5069
15483,5070
15484,5071
15485,5072
15486,5073
15487,5074
15488,5075
15489,5076
15490,5077
15491,5078
15492,5079
15493,5080
15494,5081
15495,5082
15496,5083
15497,5084
15498,5085
15499,5086
15500,5087
15501,5088
15503,5089
15504,5090
15505,5091
15506,5092
15507,5093
15508,5094
15509,5095
15510,5096
15511,5097
15512,5098
15513,5099
15514,5100
15515,5101
15516,5102
15517,5103
15518,5104
15519,5105
15520,5106
15521,5107
15522,5108
15523,5109
15524,5110
15525,5111
15526,5112
15527,5113
15528,5114
15529,5115
15530,5116
15531,5117
15533,5118
15534,5119
15535,5120
15541,5121
15543,5122
15544,5123
15545,5124
15550,5125
15551,5126
15552,5127
15553,5128
15554,5129
15555,5130
15556,5131
15557,5132
15560,5133
15561,5134
15562,5135
15564,5136
15565,5137
15566,5138
15567,5139
15569,5140
15570,5141
15571,5142
15574,5143
15575,5144
15576,5145
15577,5146
15578,5147
15579,5148
15580,5149
15581,5150
15583,5151
15585,5152
15586,5153
15587,5154
15588,5155
15589,5156
15591,5157
15592,5158
15593,5159
15594,5160
15595,5161
15596,5162
15597,5163
15599,5164
15600,5165
15601,5166
15602,5167
15604,5168
15606,5169
15607,5170
15608,5171
15609,5172
15610,5173
15611,5174
15613,5175
15615,5176
15616,5177
15617,5178
15618,5179
15619,5180
15620,5181
15621,5182
15622,5183
15623,5184
15624,5185
15625,5186
15627,5187
15628,5188
15629,5189
15630,5190
15631,5191
15632,5192
15633,5193
15634,5194
15635,5195
15636,5196
15637,5197
15638,5198
15639,5199
15640,5200
15641,5201
15642,5202
15643,5203
15644,5204
15645,5205
15646,5206
15647,5207
15648,5208
15649,5209
15650,5210
15652,5211
15654,5212
15655,5213
15656,5214
15658,5215
15659,5216
15660,5217
15662,5218
15663,5219
15664,5220
15665,5221
15666,5222
15667,5223
15668,5224
15669,5225
15670,5226
15671,5227
15673,5228
15674,5229
15675,5230
15676,5231
15677,5232
15678,5233
15679,5234
15680,5235
15681,5236
15682,5237
15686,5238
15687,5239
15689,5240
15690,5241
15691,5242
15692,5243
15693,5244
15694,5245
15696,5246
15697,5247
15698,5248
15699,5249
15700,5250
15701,5251
15702,5252
15703,5253
15704,5254
15705,5255
15706,5256
15707,5257
15708,5258
15710,5259
15711,5260
15712,5261
15713,5262
15714,5263
15715,5264
15716,5265
15717,5266
15718,5267
15719,5268
15720,5269
15722,5270
15723,5271
15724,5272
15725,5273
15726,5274
15727,5275
15728,5276
15729,5277
15730,5278
15731,5279
15732,5280
15733,5281
15734,5282
15735,5283
15736,5284
15737,5285
15738,5286
15739,5287
15741,5288
15742,5289
15745,5290
15746,5291
15747,5292
15748,5293
15749,5294
15751,5295
15752,5296
15753,5297
15754,5298
15755,5299
15757,5300
15758,5301
15759,5302
15760,5303
15761,5304
15762,5305
15763,5306
15764,5307
15765,5308
15766,5309
15767,5310
15768,5311
15769,5312
15770,5313
15771,5314
15772,5315
15773,5316
15774,5317
15775,5318
15776,5319
15777,5320
15778,5321
15779,5322
15781,5323
15782,5324
15784,5325
15785,5326
15786,5327
15787,5328
15788,5329
15789,5330
15790,5331
15791,5332
15792,5333
15793,5334
15794,5335
15796,5336
15797,5337
15798,5338
15799,5339
15800,5340
15801,5341
15802,5342
15803,5343
15804,5344
15805,5345
15807,5346
15809,5347
15810,5348
15811,5349
15812,5350
15813,5351
15814,5352
15815,5353
15817,5354
15818,5355
15819,5356
15820,5357
15821,5358
15822,5359
15823,5360
15824,5361
15825,5362
15826,5363
15827,5364
15828,5365
15829,5366
15830,5367
15831,5368
15832,5369
15833,5370
15834,5371
15842,5372
15843,5373
15845,5374
15846,5375
15847,5376
15848,5377
15849,5378
15852,5379
15853,5380
15854,5381
15856,5382
15862,5383
15863,5384
15866,5385
15874,5386
15876,5387
15877,5388
15878,5389
15882,5390
15883,5391
15884,5392
15885,5393
15886,5394
15887,5395
15888,5396
15889,5397
15890,5398
15891,5399
15892,5400
15893,5401
15895,5402
15896,5403
15897,5404
15899,5405
15910,5406
15914,5407
15915,5408
15916,5409
15919,5410
15920,5411
15923,5412
15925,5413
15926,5414
15931,5415
15932,5416
15933,5417
15934,5418
15935,5419
15936,5420
15937,5421
15939,5422
15940,5423
15941,5424
15942,5425
15943,5426
15951,5427
15952,5428
15953,5429
15954,5430
15956,5431
15957,5432
15958,5433
15960,5434
15963,5435
15966,5436
15967,5437
15969,5438
15970,5439
15971,5440
15972,5441
15973,5442
15975,5443
15976,5444
15977,5445
15979,5446
15980,5447
15981,5448
15982,5449
15984,5450
15985,5451
15988,5452
15989,5453
15990,5454
15991,5455
15992,5456
15993,5457
15994,5458
15995,5459
15996,5460
15997,5461
15999,5462
16000,5463
16001,5464
16003,5465
16005,5466
16006,5467
16007,5468
16008,5469
16009,5470
16010,5471
16011,5472
16012,5473
16016,5474
16017,5475
16018,5476
16019,5477
16020,5478
16021,5479
16022,5480
16023,5481
16024,5482
16025,5483
16027,5484
16028,5485
16029,5486
16030,5487
16031,5488
16032,5489
16033,5490
16034,5491
16035,5492
16036,5493
16037,5494
16038,5495
16039,5496
16040,5497
16041,5498
16042,5499
16043,5500
16044,5501
16045,5502
16046,5503
16047,5504
16048,5505
16049,5506
16050,5507
16051,5508
16052,5509
16053,5510
16054,5511
16055,5512
16056,5513
16057,5514
16058,5515
16059,5516
16060,5517
16061,5518
16062,5519
16063,5520
16064,5521
16065,5522
16066,5523
16067,5524
16068,5525
16069,5526
16070,5527
16071,5528
16072,5529
16074,5530
16075,5531
16076,5532
16077,5533
16078,5534
16082,5535
16084,5536
16085,5537
16086,5538
16087,5539
16088,5540
16089,5541
16090,5542
16091,5543
16092,5544
16093,5545
16094,5546
16095,5547
16097,5548
16098,5549
16099,5550
16100,5551
16101,5552
16102,5553
16103,5554
16104,5555
16105,5556
16106,5557
16107,5558
16108,5559
16109,5560
16110,5561
16111,5562
16112,5563
16113,5564
16115,5565
16116,5566
16117,5567
16118,5568
16119,5569
16120,5570
16121,5571
16122,5572
16123,5573
16125,5574
16126,5575
16127,5576
16128,5577
16129,5578
16132,5579
16133,5580
16134,5581
16135,5582
16136,5583
16137,5584
16138,5585
16139,5586
16140,5587
16141,5588
16142,5589
16143,5590
16144,5591
16145,5592
16146,5593
16147,5594
16149,5595
16150,5596
16151,5597
16152,5598
16153,5599
16154,5600
16155,5601
16156,5602
16157,5603
16158,5604
16159,5605
16160,5606
16162,5607
16163,5608
16164,5609
16166,5610
16167,5611
16168,5612
16169,5613
16170,5614
16171,5615
16172,5616
16173,5617
16174,5618
16176,5619
16177,5620
16178,5621
16179,5622
16181,5623
16182,5624
16183,5625
16184,5626
16185,5627
16186,5628
16187,5629
16188,5630
16189,5631
16190,5632
16191,5633
16192,5634
16193,5635
16194,5636
16196,5637
16197,5638
16198,5639
16199,5640
16204,5641
16205,5642
16206,5643
16207,5644
16208,5645
16211,5646
16212,5647
16213,5648
16214,5649
16215,5650
16216,5651
16217,5652
16218,5653
16219,5654
16220,5655
16221,5656
16222,5657
16223,5658
16226,5659
16227,5660
16228,5661
16230,5662
16232,5663
16233,5664
16234,5665
16235,5666
16236,5667
16237,5668
16238,5669
16239,5670
16240,5671
16241,5672
16243,5673
16244,5674
16245,5675
16246,5676
16247,5677
16249,5678
16251,5679
16252,5680
16253,5681
16254,5682
16255,5683
16256,5684
16257,5685
16258,5686
16259,5687
16260,5688
16261,5689
16262,5690
16263,5691
16264,5692
16266,5693
16267,5694
16268,5695
16269,5696
16270,5697
16271,5698
16272,5699
16273,5700
16275,5701
16277,5702
16278,5703
16279,5704
16280,5705
16281,5706
16283,5707
16284,5708
16287,5709
16288,5710
16289,5711
16290,5712
16291,5713
16297,5714
16299,5715
16300,5716
16301,5717
16302,5718
16303,5719
16304,5720
16305,5721
16306,5722
16307,5723
16308,5724
16309,5725
16310,5726
16311,5727
16312,5728
16313,5729
16314,5730
16315,5731
16316,5732
16317,5733
16318,5734
16319,5735
16320,5736
16321,5737
16322,5738
16323,5739
16324,5740
16325,5741
16326,5742
16327,5743
16328,5744
16329,5745
16330,5746
16332,5747
16333,5748
16334,5749
16335,5750
16336,5751
16337,5752
16338,5753
16348,5754
16349,5755
16350,5756
16351,5757
16354,5758
16356,5759
16358,5760
16359,5761
16360,5762
16361,5763
16362,5764
16363,5765
16364,5766
16365,5767
16366,5768
16367,5769
16369,5770
16370,5771
16371,5772
16372,5773
16373,5774
16374,5775
16375,5776
16376,5777
16377,5778
16378,5779
16379,5780
16380,5781
16381,5782
16382,5783
16383,5784
16384,5785
16385,5786
16386,5787
16387,5788
16388,5789
16389,5790
16390,5791
16391,5792
16393,5793
16394,5794
16395,5795
16396,5796
16397,5797
16400,5798
16401,5799
16402,5800
16403,5801
16404,5802
16405,5803
16406,5804
16407,5805
16408,5806
16409,5807
16410,5808
16411,5809
16412,5810
16413,5811
16416,5812
16417,5813
16418,5814
16419,5815
16420,5816
16421,5817
16422,5818
16423,5819
16424,5820
16425,5821
16426,5822
16427,5823
16428,5824
16429,5825
16430,5826
16431,5827
16432,5828
16433,5829
16434,5830
16435,5831
16436,5832
16437,5833
16438,5834
16439,5835
16440,5836
16441,5837
16442,5838
16445,5839
16446,5840
16447,5841
16448,5842
16449,5843
16450,5844
16451,5845
16452,5846
16453,5847
16454,5848
16455,5849
16456,5850
16457,5851
16458,5852
16461,5853
16462,5854
16463,5855
16464,5856
16465,5857
16466,5858
16467,5859
16468,5860
16469,5861
16470,5862
16471,5863
16472,5864
16473,5865
16474,5866
16475,5867
16476,5868
16477,5869
16478,5870
16479,5871
16480,5872
16481,5873
16482,5874
16484,5875
16485,5876
16486,5877
16487,5878
16488,5879
16489,5880
16490,5881
16491,5882
16492,5883
16493,5884
16494,5885
16495,5886
16496,5887
16497,5888
16498,5889
16499,5890
16500,5891
16501,5892
16502,5893
16503,5894
16504,5895
16505,5896
16506,5897
16507,5898
16508,5899
16509,5900
16510,5901
16511,5902
16512,5903
16513,5904
16514,5905
16515,5906
16516,5907
16517,5908
16518,5909
16519,5910
16520,5911
16521,5912
16522,5913
16523,5914
16524,5915
16525,5916
16526,5917
16527,5918
16528,5919
16529,5920
16530,5921
16531,5922
16532,5923
16533,5924
16534,5925
16535,5926
16536,5927
16537,5928
16538,5929
16539,5930
16540,5931
16541,5932
16542,5933
16543,5934
16544,5935
16545,5936
16546,5937
16547,5938
16548,5939
16549,5940
16550,5941
16551,5942
16552,5943
16554,5944
16555,5945
16556,5946
16557,5947
16558,5948
16559,5949
16560,5950
16561,5951
16562,5952
16563,5953
16564,5954
16565,5955
16566,5956
16567,5957
16568,5958
16569,5959
16570,5960
16571,5961
16572,5962
16573,5963
16574,5964
16575,5965
16576,5966
16577,5967
16578,5968
16579,5969
16580,5970
16581,5971
16582,5972
16583,5973
16584,5974
16585,5975
16586,5976
16587,5977
16588,5978
16589,5979
16590,5980
16591,5981
16592,5982
16593,5983
16594,5984
16595,5985
16596,5986
16597,5987
16598,5988
16599,5989
16600,5990
16601,5991
16602,5992
16603,5993
16604,5994
16605,5995
16606,5996
16607,5997
16608,5998
16609,5999
16613,6000
16614,6001
16615,6002
16616,6003
16617,6004
16618,6005
16619,6006
16620,6007
16621,6008
16622,6009
16623,6010
16624,6011
16625,6012
16626,6013
16627,6014
16628,6015
16629,6016
16630,6017
16631,6018
16632,6019
16633,6020
16634,6021
16635,6022
16636,6023
16637,6024
16638,6025
16639,6026
16640,6027
16641,6028
16642,6029
16643,6030
16644,6031
16645,6032
16646,6033
16647,6034
16648,6035
16649,6036
16650,6037
16651,6038
16652,6039
16653,6040
16654,6041
16655,6042
16656,6043
16657,6044
16658,6045
16659,6046
16660,6047
16661,6048
16662,6049
16663,6050
16664,6051
16665,6052
16666,6053
16667,6054
16668,6055
16669,6056
16670,6057
16671,6058
16672,6059
16673,6060
16674,6061
16675,6062
16676,6063
16677,6064
16678,6065
16679,6066
16680,6067
16681,6068
16683,6069
16684,6070
16685,6071
16686,6072
16687,6073
16688,6074
16689,6075
16691,6076
16692,6077
16693,6078
16694,6079
16695,6080
16696,6081
16697,6082
16698,6083
16699,6084
16700,6085
16702,6086
16703,6087
16704,6088
16705,6089
16706,6090
16707,6091
16708,6092
16709,6093
16710,6094
16711,6095
16712,6096
16713,6097
16714,6098
16715,6099
16716,6100
16717,6101
16719,6102
16720,6103
16721,6104
16722,6105
16723,6106
16724,6107
16725,6108
16726,6109
16727,6110
16728,6111
16729,6112
16731,6113
16732,6114
16733,6115
16734,6116
16737,6117
16738,6118
16739,6119
16740,6120
16744,6121
16745,6122
16747,6123
16748,6124
16749,6125
16750,6126
16752,6127
16753,6128
16755,6129
16756,6130
16757,6131
16758,6132
16759,6133
16760,6134
16761,6135
16762,6136
16763,6137
16764,6138
16765,6139
16766,6140
16767,6141
16769,6142
16770,6143
16775,6144
16776,6145
16777,6146
16778,6147
16779,6148
16780,6149
16781,6150
16782,6151
16783,6152
16784,6153
16785,6154
16786,6155
16790,6156
16791,6157
16792,6158
16793,6159
16794,6160
16795,6161
16796,6162
16800,6163
16801,6164
16802,6165
16803,6166
16804,6167
16805,6168
16806,6169
16807,6170
16814,6171
16817,6172
16819,6173
16824,6174
16829,6175
16834,6176
16840,6177
16843,6178
16844,6179
16845,6180
16846,6181
16851,6182
16852,6183
16853,6184
16854,6185
16855,6186
16856,6187
16857,6188
16859,6189
16860,6190
16861,6191
16862,6192
16864,6193
16865,6194
16866,6195
16870,6196
16871,6197
16872,6198
16873,6199
16874,6200
16875,6201
16876,6202
16877,6203
16879,6204
16880,6205
16881,6206
16883,6207
16884,6208
16885,6209
16887,6210
16890,6211
16891,6212
16892,6213
16893,6214
16894,6215
16895,6216
16896,6217
16897,6218
16898,6219
16900,6220
16902,6221
16903,6222
16904,6223
16905,6224
16906,6225
16907,6226
16908,6227
16909,6228
16910,6229
16911,6230
16912,6231
16914,6232
16915,6233
16916,6234
16917,6235
16918,6236
16919,6237
16920,6238
16921,6239
16922,6240
16923,6241
16924,6242
16925,6243
16926,6244
16927,6245
16928,6246
16929,6247
16930,6248
16931,6249
16932,6250
16933,6251
16934,6252
16935,6253
16936,6254
16937,6255
16938,6256
16939,6257
16940,6258
16946,6259
16948,6260
16950,6261
16951,6262
16952,6263
16953,6264
16954,6265
16955,6266
16956,6267
16957,6268
16963,6269
16964,6270
16965,6271
16968,6272
16969,6273
16970,6274
16971,6275
16972,6276
16973,6277
16974,6278
16975,6279
16978,6280
16979,6281
16980,6282
16981,6283
16982,6284
16983,6285
16984,6286
16985,6287
16986,6288
16987,6289
17115,6290
17116,6291
17117,6292
17118,6293
17119,6294
17120,6295
17121,6296
17122,6297
17123,6298
17124,6299
17125,6300
17126,6301
17127,6302
17128,6303
17129,6304
17130,6305
17131,6306
17132,6307
17133,6308
17134,6309
17135,6310
17136,6311
17137,6312
17138,6313
17139,6314
17140,6315
17141,6316
17142,6317
17143,6318
17144,6319
17145,6320
17146,6321
17147,6322
17148,6323
17149,6324
17150,6325
17151,6326
17152,6327
17153,6328
17154,6329
17155,6330
17156,6331
17157,6332
17158,6333
17159,6334
17160,6335
17161,6336
17162,6337
17163,6338
17164,6339
17165,6340
17166,6341
17167,6342
17168,6343
17169,6344
17170,6345
17171,6346
17172,6347
17173,6348
17174,6349
17175,6350
17176,6351
17177,6352
17178,6353
17179,6354
17180,6355
17181,6356
17182,6357
17183,6358
17184,6359
17185,6360
17186,6361
17187,6362
17188,6363
17189,6364
17190,6365
17191,6366
17192,6367
17193,6368
17194,6369
17195,6370
17196,6371
17197,6372
17198,6373
17199,6374
17200,6375
17201,6376
17202,6377
17203,6378
17204,6379
17205,6380
17206,6381
17207,6382
17208,6383
17209,6384
17210,6385
17211,6386
17212,6387
17213,6388
17214,6389
17215,6390
17216,6391
17217,6392
17218,6393
17219,6394
17220,6395
17221,6396
17222,6397
17223,6398
17224,6399
17225,6400
17226,6401
17227,6402
17228,6403
17229,6404
17230,6405
17231,6406
17232,6407
17233,6408
17234,6409
17235,6410
17236,6411
17237,6412
17238,6413
17239,6414
17240,6415
17241,6416
17242,6417
17243,6418
17244,6419
17245,6420
17246,6421
17247,6422
17248,6423
17249,6424
17250,6425
17251,6426
17252,6427
17253,6428
17254,6429
17255,6430
17256,6431
17257,6432
17258,6433
17259,6434
17260,6435
17261,6436
17262,6437
17263,6438
17264,6439
17265,6440
17266,6441
17267,6442
17268,6443
17269,6444
17270,6445
17271,6446
17272,6447
17273,6448
17274,6449
17275,6450
17276,6451
17277,6452
17278,6453
17279,6454
17280,6455
17281,6456
17282,6457
17283,6458
17284,6459
17285,6460
17286,6461
17287,6462
17288,6463
17289,6464
17290,6465
17291,6466
17292,6467
17293,6468
17294,6469
17295,6470
17296,6471
17297,6472
17298,6473
17299,6474
17300,6475
17301,6476
17302,6477
17303,6478
17304,6479
17305,6480
17306,6481
17307,6482
17308,6483
17309,6484
17310,6485
17311,6486
17312,6487
17313,6488
17314,6489
17315,6490
17316,6491
17317,6492
17318,6493
17319,6494
17320,6495
17321,6496
17322,6497
17323,6498
17324,6499
17325,6500
17326,6501
17327,6502
17328,6503
17329,6504
17330,6505
17331,6506
17332,6507
17333,6508
17334,6509
17335,6510
17336,6511
17337,6512
17338,6513
17339,6514
17340,6515
17341,6516
17342,6517
17343,6518
17344,6519
17345,6520
17346,6521
17347,6522
17348,6523
17349,6524
17350,6525
17351,6526
17352,6527
17353,6528
17354,6529
17355,6530
17356,6531
17357,6532
17358,6533
17359,6534
17361,6535
17362,6536
17363,6537
17364,6538
17365,6539
17366,6540
17367,6541
17368,6542
17369,6543
17370,6544
17371,6545
17372,6546
17373,6547
17374,6548
17375,6549
17376,6550
17377,6551
17378,6552
17379,6553
17380,6554
17381,6555
17382,6556
17383,6557
17384,6558
17385,6559
17386,6560
17387,6561
17388,6562
17389,6563
17390,6564
17391,6565
17392,6566
17393,6567
17394,6568
17395,6569
17396,6570
17397,6571
17398,6572
17399,6573
17400,6574
17401,6575
17402,6576
17403,6577
17404,6578
17405,6579
17406,6580
17407,6581
17408,6582
17409,6583
17410,6584
17411,6585
17412,6586
17413,6587
17414,6588
17415,6589
17416,6590
17417,6591
17418,6592
17419,6593
17420,6594
17421,6595
17422,6596
17423,6597
17424,6598
17425,6599
17426,6600
17427,6601
17428,6602
17429,6603
17430,6604
17431,6605
17432,6606
17433,6607
17434,6608
17435,6609
17436,6610
17437,6611
17438,6612
17439,6613
17440,6614
17441,6615
17442,6616
17443,6617
17444,6618
17445,6619
17446,6620
17447,6621
17448,6622
17449,6623
17450,6624
17451,6625
17452,6626
17453,6627
17454,6628
17455,6629
17456,6630
17457,6631
17458,6632
17459,6633
17460,6634
17461,6635
17462,6636
17463,6637
17464,6638
17465,6639
17466,6640
17467,6641
17468,6642
17469,6643
17470,6644
17471,6645
17472,6646
17473,6647
17474,6648
17475,6649
17476,6650
17477,6651
17478,6652
17479,6653
17480,6654
17481,6655
17482,6656
17483,6657
17484,6658
17485,6659
17486,6660
17487,6661
17488,6662
17489,6663
17490,6664
17491,6665
17492,6666
17493,6667
17494,6668
17495,6669
17496,6670
17497,6671
17498,6672
17499,6673
17500,6674
17501,6675
17502,6676
17503,6677
17504,6678
17505,6679
17506,6680
17507,6681
17508,6682
17509,6683
17510,6684
17511,6685
17512,6686
17513,6687
17514,6688
17515,6689
17516,6690
17517,6691
17518,6692
17519,6693
17520,6694
17521,6695
17522,6696
17523,6697
17524,6698
17525,6699
17526,6700
17527,6701
17528,6702
17529,6703
17530,6704
17531,6705
17532,6706
17533,6707
17534,6708
17535,6709
17536,6710
17537,6711
17538,6712
17539,6713
17540,6714
17541,6715
17542,6716
17543,6717
17544,6718
17545,6719
17546,6720
17547,6721
17548,6722
17549,6723
17550,6724
17551,6725
17552,6726
17553,6727
17554,6728
17555,6729
17556,6730
17557,6731
17558,6732
17559,6733
17560,6734
17561,6735
17562,6736
17563,6737
17564,6738
17565,6739
17566,6740
17567,6741
17568,6742
17569,6743
17570,6744
17571,6745
17572,6746
17573,6747
17574,6748
17575,6749
17576,6750
17577,6751
17578,6752
17579,6753
17580,6754
17581,6755
17582,6756
17583,6757
17584,6758
17585,6759
17586,6760
17587,6761
17588,6762
17589,6763
17590,6764
17591,6765
17592,6766
17593,6767
17594,6768
17595,6769
17596,6770
17597,6771
17598,6772
17599,6773
17600,6774
17601,6775
17602,6776
17603,6777
17604,6778
17605,6779
17606,6780
17607,6781
17608,6782
17609,6783
17610,6784
17611,6785
17612,6786
17613,6787
17614,6788
17615,6789
17616,6790
17617,6791
17618,6792
17619,6793
17620,6794
17621,6795
17622,6796
17623,6797
17624,6798
17625,6799
17626,6800
17627,6801
17628,6802
17629,6803
17630,6804
17631,6805
17632,6806
17633,6807
17634,6808
17635,6809
17636,6810
17637,6811
17638,6812
17639,6813
17640,6814
17641,6815
17642,6816
17643,6817
17644,6818
17645,6819
17646,6820
17647,6821
17648,6822
17649,6823
17650,6824
17651,6825
17652,6826
17653,6827
17654,6828
17655,6829
17656,6830
17657,6831
17658,6832
17659,6833
17660,6834
17661,6835
17662,6836
17663,6837
17664,6838
17665,6839
17666,6840
17667,6841
17668,6842
17669,6843
17670,6844
17671,6845
17672,6846
17673,6847
17674,6848
17675,6849
17676,6850
17677,6851
17678,6852
17679,6853
17680,6854
17681,6855
17682,6856
17683,6857
17684,6858
17685,6859
17686,6860
17687,6861
17688,6862
17689,6863
17690,6864
17691,6865
17692,6866
17693,6867
17694,6868
17695,6869
17696,6870
17697,6871
17698,6872
17699,6873
17700,6874
17701,6875
17702,6876
17703,6877
17704,6878
17705,6879
17706,6880
17707,6881
17708,6882
17709,6883
17710,6884
17711,6885
17712,6886
17713,6887
17714,6888
17715,6889
17716,6890
17717,6891
17718,6892
17719,6893
17720,6894
17721,6895
17722,6896
17723,6897
17724,6898
17725,6899
17726,6900
17727,6901
17728,6902
17729,6903
17730,6904
17731,6905
17732,6906
17733,6907
17734,6908
17735,6909
17736,6910
17737,6911
17738,6912
17739,6913
17740,6914
17741,6915
17742,6916
17743,6917
17744,6918
17745,6919
17746,6920
17747,6921
17748,6922
17749,6923
17750,6924
17751,6925
17752,6926
17753,6927
17754,6928
17755,6929
17756,6930
17757,6931
17758,6932
17759,6933
17760,6934
17761,6935
17762,6936
17763,6937
17764,6938
17765,6939
17766,6940
17767,6941
17768,6942
17769,6943
17770,6944
17771,6945
17772,6946
17773,6947
17774,6948
17775,6949
17776,6950
17777,6951
17778,6952
17779,6953
17780,6954
17781,6955
17782,6956
17783,6957
17784,6958
17785,6959
17786,6960
17787,6961
17788,6962
17789,6963
17790,6964
17791,6965
17792,6966
17793,6967
17794,6968
17795,6969
17796,6970
17797,6971
17798,6972
17799,6973
17803,6974
17805,6975
17800,6976
17801,6977
17802,6978
17804,6979
17806,6981
17807,6982
17808,6983
17810,6984
17809,6985
17812,6986
17813,6987
17815,6990
17816,6991
17817,6992
17819,6993
17820,6994
17821,6995
17823,6996
17822,6997
17824,6998
17825,6999
17826,7000
17827,7001
17828,7002
17829,7003
17830,7004
17833,7005
17834,7006
17831,7007
17832,7008
17814,7009
17836,7010
17837,7011
17838,7012
17839,7013
17840,7014
17841,7015
17842,7016
17843,7017
17844,7018
17845,7019
17846,7020
17847,7021
17848,7022
17849,7023
17850,7024
17851,7025
17852,7026
17854,7027
17853,7028
